"voto","valutazioni","periodo","nome","indirizzo","foto5","foto4","foto3","foto2","foto1","autore","dimensioni","categoria","latitudine","longitudine"
4,90,"113-124 d.C","Pantheon","Via del Pantheon","https://www.italyguides.it/images/lazio/roma/blog/pantheon_4.jpg?lightbox[autoresize]=false","https://www.italyguides.it/images/lazio/roma/blog/pantheon_1.jpg?lightbox[autoresize]=false","http://2.bp.blogspot.com/-TxrnmN3MReo/TWgc2H1gFBI/AAAAAAAAAbM/Wxl2FBzzEok/s1600/cupola.jpg","https://turismoroma.it/sites/default/files/Pantheon.jpg","https://media.tacdn.com/media/attractions-splice-spp-674x446/06/6f/5c/73.jpg","Romani","46x55m","architecture","41.89999","12.47671"
3,143,"72 d.C","Anfiteatro Flavio","Via del Colosseo","https://www.fotoeweb.it/roma/Colosseo/Colosseo%20Roma.jpg","https://www.fotoeweb.it/roma/Colosseo/Immagine%20interno%20del%20Colosseo%20Roma.jpg","https://www.fotoeweb.it/roma/Colosseo/Interno%20del%20Colosseo.jpg","https://www.fotoeweb.it/roma/Colosseo/Foto_Colosseo.jpg","https://www.fotoeweb.it/roma/Colosseo/Roma%20Fotografia%20Colosseo.jpg","Romani","243 cm","star","41.892345","12.490353"
4,50,"XVI secolo","Chiesa della Santissima Trinità dei Monti","Piazza di Spagna","https://upload.wikimedia.org/wikipedia/commons/thumb/b/ba/Trinit%C3%A0_dei_monti%2C_interno_02.JPG/220px-Trinit%C3%A0_dei_monti%2C_interno_02.JPG","https://www.romasegreta.it/images/ss.trinita-de-monti-scalinata.jpg","https://i2.wp.com/www.estate-romana.it/wp-content/uploads/2019/04/Scalinata-Trinit%C3%A0-dei-Monti.jpg?fit=300%2C200&ssl=1","https://st4.depositphotos.com/18631472/21882/i/1600/depositphotos_218820992-stock-photo-church-santissima-trinita-dei-monti.jpg","https://previews.123rf.com/images/vvoennyy/vvoennyy1612/vvoennyy161200379/67459873-roma-italia-1-novembre-2016-persone-in-piazza-di-spagna-e-la-chiesa-della-santissima-trinit%C3%A0-dei-monti.jpg","Giacomo Della Porta","Non disponibile","architecture","41.905748","12.482129"
5,49,"1622/1625","Apollo e Dafne","Piazzale del Museo Borghese","http://www.culturefuture.net/wp-content/uploads/2018/02/10-226x300.png","https://static.globalist.it/foto/2017/10/30/0004B7E9-particolare-di-apollo-e-dafne-gian-lorenzo-bernini-copyright-ministero-dei-beni-e-delle-attivita-culturali-e-del-turismo-galleria-borghese.jpg","https://upload.wikimedia.org/wikipedia/commons/thumb/4/45/Apollo_%26_Daphne_September_2015-1a.jpg/1280px-Apollo_%26_Daphne_September_2015-1a.jpg","https://www.arteworld.it/wp-content/uploads/2013/07/Particolare-volto-espressione-Apollo-dio-Dafne-Bernini.jpg","https://upload.wikimedia.org/wikipedia/commons/c/c5/Apollo_and_Daphne_%28Bernini%29.jpg","Bernini","243 cm","sculpture","41.914038","12.492016"
5,30,"1732-1762","Fontana di Trevi","Piazza di Trevi, Roma","https://www.adnkronos.com/rf/image_size_1280x960/Pub/AdnKronos/Assets/Immagini/fontana_Trevi_ufs.jpg","https://www.bookingromaresort.com/wp-content/uploads/2018/05/3-1-1024x640.jpg","https://upload.wikimedia.org/wikipedia/commons/thumb/f/f2/Fontana_di_Trevi_a_Roma.jpg/1200px-Fontana_di_Trevi_a_Roma.jpg","https://www.dire.it/wp-content/uploads/2019/01/Imagoeconomica_330240.jpg","https://rivista.ording.roma.it/wp-content/uploads/2019/06/Fontana_de_Trevi_5047663584-1080x675.jpg","Nicola Salvi, Giuseppe Pannini","2600 cm","architecture","41.90084","12.483365"
4,50,"1602-1604","Deposizione","Pinacoteca Vaticana","https://www.scienzainrete.it/files/u/schermata_2015-06-16_alle_21.09.46.jpg","https://cdnx.ilsussidiario.net/wp-content/uploads/2019/04/19/caravaggio_deposizione_cristomorto_1604arte.jpg","https://www.gelestatic.it/thimg/dXgvehJMbdyAySRs8rVU1dnducY=/fit-in/960x540/https%3A//www.lastampa.it/image/contentid/policy%3A1.36000339%3A1563118100/NX-A-ART-8329-14941-Michelangelo_Merisi_da_Caravaggio_Deposizione_1602_-_1604_Cappella_Vittrice_Chiesa_Nuova_Roma_.jpg%3Ff%3Ddetail_558%26h%3D720%26w%3D1280%26%24p%24f%24h%24w%3D3f3be6c","https://www.arteworld.it/wp-content/uploads/2015/05/Particolare-Vergine-Maria-Maria-Maddalena-Maria-Cleofa-Donne-deposizione-Caravaggio.jpg","https://www.arteworld.it/wp-content/uploads/2015/05/Deposizione-Caravaggio-analisi.jpg","Caravaggio","300×203 cm","painting","41.89193","12.51133"
5,85,"1599-1600","Vocazione di San Matteo","San Luigi dei Francesi","https://lh3.googleusercontent.com/proxy/cd14hYxEWlBE-eyPm5YdELwDSnUyPXnuzKIx40ZldHvRLWma61c8KV_C_L4DtLAlJWqM9WiOfNFryw75MLMFuqm0BYrFaosENxlAvU57UG-VQgaPr5s-O9D0DRge9JE","https://art-zone.it/wp-content/uploads/2018/05/Vocazione-di-San-Matteo-Caravaggio-analisi-descrizione-breve-riassunto-Copia-2-Copia-300x208.jpg","https://www.arteworld.it/wp-content/uploads/2015/06/Possibile-san-Matteo-Caravaggio.jpg","https://www.arteworld.it/wp-content/uploads/2015/06/Particolare-Cristo-san-Pietro-vocazione-san-Matteo-Caravaggio.jpg","https://upload.wikimedia.org/wikipedia/commons/1/10/Caravaggio_-_La_vocazione_di_San_Matteo.jpg","Caravaggio","322×340 cm","painting","41.899548","12.474545"
5,312,"1536-1541","Giudizio Universale","Cappella Sistina, Musei Vaticani","https://encrypted-tbn0.gstatic.com/images?q=tbn%3AANd9GcSKG7g7Ih0pbbCX2rAl_2wvBcWhUvUf37QF0MP7wnR9sA0qPTwQ&usqp=CAU","https://www.arteworld.it/wp-content/uploads/2016/08/Giudizio-Universale-Secondo-anello-di-figure-Gruppo-a-sinistra-Michelangelo-Buonarroti.jpg","https://aleteiaitalian.files.wordpress.com/2016/05/cappella-sistina_hero.jpg?quality=100&strip=all&w=620&h=310&crop=1","https://1.bp.blogspot.com/-l-Y-T5nVfZA/WWs0QTzuGII/AAAAAAAACdU/ptpKKS4OvzkSVfUVcpMTfKfByOSNDprAQCLcBGAs/w1200-h630-p-k-no-nu/800px-Michelangelo%252C_Giudizio_Universale_02.jpg","https://upload.wikimedia.org/wikipedia/commons/8/89/Michelangelo_Buonarroti_-_Il_Giudizio_Universale.jpg","Michelangelo Buonarroti","1370×1200 cm","star","41.90507","12.45498"
3,60,"1515 circa","Amor sacro e Amor profano","Galleria Borghese","https://www.analisidellopera.it/wp-content/uploads/2018/04/Tiziano_Amor_Sacro_e_Amor_profano-2000x794.jpg","https://restaurars.altervista.org/wp-content/uploads/2015/09/Amor_sacro_e_amor_profano_041.jpg","https://www.finestresullarte.info/blog/immagini/2017/795/vasca.jpg","https://www.finestresullarte.info/blog/immagini/2017/795/donna-nuda.jpg","https://www.arteopereartisti.it/wp-content/uploads/2018/01/amor-sacro-e-amor-profano-01.jpg","Tiziano","118×278 cm","painting","41.91412","12.492061"
3,16,"1898","Ninfee rosa","Galleria Nazionale Arte Moderna","https://www.analisidellopera.it/wp-content/uploads/2018/01/Monet_Ninfee_Rosa.jpg","https://it.toluna.com/dpolls_images/2017/04/10/236397bd-fd97-4dfb-a877-1d93feeaa460_x365.jpg","https://www.artwave.it/wp/wp-content/uploads/2019/07/16D21D46-FA11-4F0B-A65C-B6C6344CD946.jpeg","https://lh3.googleusercontent.com/proxy/-o4Lrx88WwhuioA6Ua0Ugd_gudOXVl_juuDGSRzg9QbUyzm8wRipBW1VeeYkUjEK3wvviowv_L5srvOTX55CBJQN18kYOvPQURZU-jtMhgjtXZsx6iMqAcGRexk","https://www.picclickimg.com/00/s/NTkyWDU5NA==/z/5k8AAMXQgJRQ-7xZ/$/CLAUDE-MONET-Art-Lithograph-LE-NINFEE-ROSA-Detail-_1.jpg","Monet","81,5×100 cm","painting","41.89193","12.51133"
4,60,"1518-1519","La Fornarina","Galleria nazionale arte antica","https://www.exibart.com/repository/media/2020/01/la-fornarina-1280x720.jpg","https://pbs.twimg.com/media/C2TEB8MXcAAb_MM.jpg","https://upload.wikimedia.org/wikipedia/commons/9/91/Fornarina_02.jpg","https://artslife.com/wp-content/uploads/2020/01/fornarina-22.jpg","https://www.arte.it/foto/600x450/97/98539-BARBERINI_RaffaelloSanzio_Fornarina.jpg","Raffaello","85×60 cm","painting","41.89332","12.482932"
3,35,"1602","San Giovanni Battista","Musei capitolini","https://upload.wikimedia.org/wikipedia/commons/c/cb/Michelangelo_Merisi_da_Caravaggio%2C_Saint_John_the_Baptist_%28Youth_with_a_Ram%29_%28c._1602%2C_WGA04112%29.jpg","https://lh3.googleusercontent.com/proxy/2P_3IWpy8_cTmzIHz2zdgxUEmfEoEF-C7q_iqmYRzU4lmHueBqEib3AAjakSj7Ae_Oe_bvkwwp6GhLKMTPR43GUNZZYy31qGBYNGbQjEIlPkNUPUhZ-jPfV0IBusa5TWJSzp1Q","https://upload.wikimedia.org/wikipedia/commons/thumb/9/98/Caravaggio-Saint_John_the_Baptist-Musei_Capitolini.jpg/440px-Caravaggio-Saint_John_the_Baptist-Musei_Capitolini.jpg","https://www.emettiladaparte.com/wp-content/uploads/2014/08/san_giovanni_battista_caravaggio_ignudo_michelangelo.png","https://www.arteworld.it/wp-content/uploads/2016/11/San-Giovanni-Battista-Caravaggio-Musei-Capitolini.png","Caravaggio","129×94 cm","painting","41.892667","12.482205"
5,50,"1600-1601","Conversione di San Paolo","collezione privata Odescalchi","https://upload.wikimedia.org/wikipedia/commons/a/a3/Caravaggio_-_Conversione_di_San_Paolo_%28Odescalchi%29.jpg","https://www.msrestauri.com/wp-content/uploads/2017/03/Caravaggio-Odescalchi1-1.jpg","https://www.msrestauri.com/wp-content/uploads/2017/03/Caravaggio-Odescalchi-pulitura-1.jpg","https://letterarte.files.wordpress.com/2015/05/caravaggio_-_conversione_di_san_paolo_-odescalchi.jpg","https://www.aboutartonline.com/wp-content/uploads/2017/08/vodre-3.jpg","Caravaggio","237×189 cm","painting","41.89193","12.51133"
2,20,"1605","San Girolamo in meditazione","Galleria Borghese","https://upload.wikimedia.org/wikipedia/commons/thumb/1/12/Saint_Jerome_in_Meditation-Caravaggio_%281606%29.jpg/1200px-Saint_Jerome_in_Meditation-Caravaggio_%281606%29.jpg","https://www.artesplorando.it/wp-content/uploads/2018/05/1024px-Caravaggio_-_San_Gerolamo.jpg","https://lh3.googleusercontent.com/proxy/4lVe3hYfkBdW0Y7NsVqIbNvWf8CP854JgV06M2C91VnbUvRqxI0krep2OJ6EiS_nSl1npDERp4ZzjMYU4usUMoLFUgpiedJyXNn6EWc-ik48aw-zwMACm__hHNWP_Q8J3Yk1HXuqINVxcMVHfICeEWfo-h-JigDFIscDtPS2B5b1bRg","https://www.arteworld.it/wp-content/uploads/2017/09/Particolare-volto-aureola-San-Girolamo-penitente-Montserrat-Caravaggio.jpg","https://www.arteworld.it/wp-content/uploads/2017/09/Particolare-veste-rossa-san-Girolamo-penitente-Caravaggio-Montserrat.jpg","Caravaggio","118×81 cm","painting","41.914038","12.492016"
4,54,"1604-1606","Madonna dei Pellegrini","Basilica di Sant Agostino in Campo Marzio","https://www.analisidellopera.it/wp-content/uploads/2018/02/Caravaggio_Madonna_dei_Pellegrini-722x1200.jpg","https://www.firenze1903.it/wp-content/uploads/2015/12/Caravaggio-1200x900.jpg","https://artepiu.info/wp-content/uploads/2019/02/Caravaggio-Madonna-dei-Pellegrini-2.jpg","https://artepiu.info/wp-content/uploads/2018/02/Caravaggio-Madonna-Loreto-4-750x410.jpg","https://www.radiopiu.eu/wp-content/uploads/2019/10/la-madonna-dei-pellegrini.jpg","Caravaggio","260×150 cm","painting","41.900937","12.474271"
4,50,"1305-1313 circa","Mosaico della navicella","Atrio della basilica di San Pietro in Vaticano","https://upload.wikimedia.org/wikipedia/commons/thumb/8/84/Parri_spinelli%2C_copia_della_navicella_di_giotto%2C_metropolitan_museum.jpg/350px-Parri_spinelli%2C_copia_della_navicella_di_giotto%2C_metropolitan_museum.jpg","https://i.ytimg.com/vi/WmSRZ2h_lqw/hqdefault.jpg","https://www.artribune.com/wp-content/uploads/2016/02/Il-Mosaico-della-navicella-disegnato-da-Giotto.jpg","https://www.davidmacchi.com/tourguide/Basilica_S._Pietro_esterno_e_atrio_files/Media/Basilica%20S.%20Pietro%20DSC_8698/Basilica%20S.%20Pietro%20DSC_8698.jpg?disposition=download","https://upload.wikimedia.org/wikipedia/commons/a/ae/Giotto_di_Bondone_-_Navicella_-_WGA09363.jpg","Giotto","740×990 cm","painting","41.90221","12.45305"
5,306,"1903","Villa Borghese","Piazzale Flaminio","https://www.romegardenhotel.com/visitaroma/wp-content/uploads/2019/01/villa-borghese-roma.jpg","https://hips.hearstapps.com/cit.h-cdn.co/assets/17/26/1498485385-villa-borghese-roma-info.jpg","https://www.noidiroma.com/wp-content/uploads/2017/12/villa-borghese-roma.jpg","https://images.musement.com/cover/0002/08/villa-borghese-jpg_header-107934.jpeg?&q=60&fit=crop","https://www.adm-arte.it/wp-content/uploads/2019/04/Villa-Borghese.jpg","Luigi Canina","0,8 km²","star","41.911667","12.476096"
5,171,"1903","Piazza di Spagna","Piazza di Spagna","https://www.marvelsofrome.com/wp-content/uploads/2016/12/PIAZZE_ROMA_pag.jpg","https://hips.hearstapps.com/hmg-prod.s3.amazonaws.com/images/piazza-di-spagna-roma-curiosita-1579706908.jpg","https://www.tv2000.it/wp-content/uploads/2016/12/spagna.jpeg","https://www.luxuryromemag.it/wp-content/uploads/2018/08/i-tesori-di-piazza-di-spagna-1920x1180.jpg","https://www.turismoroma.it/sites/default/files/piazza-di-spagna.jpg","Francesco De Sanctis","Non disponibile","star","41.905748","12.482129"
3,230,"38 d.C","Acquedotto Cluadio","Parco degli acquedotti","https://2.bp.blogspot.com/-SYIT-0yAkZc/XHht-GAtw0I/AAAAAAAAr8s/aXcWzgbd_ckWeg_ctkL_-mPitWqPS9YmQCLcBGAs/s1600/acquedotto-claudio1.jpg","https://www.appuntidivita.eu/wp-content/uploads/2019/08/acquedotti.png","https://i2.wp.com/www.parcodegliacquedotti.it/wp-content/uploads/2016/12/IMG_3815.jpg?fit=3456%2C2304&ssl=1","https://media.wsimag.com/attachments/4eb60d4d0d1c70c6f2cfc7c8df4a97d7466d4b04/store/fill/1090/613/36c897cbcbb9983a2157f66eb8d14253aa87df60e0c7faff3f786bdc10c7/Le-svettanti-arcuazioni-dellAcquedotto-Claudio.jpg","https://live.staticflickr.com/1063/1366135708_39280a8761_b.jpg","Romani"," 68,681 km (originariamente)","star","41.843561","12.563428"
5,202,"1885-1935","Vittoriano","Basilica di Sant Agostino in Campo Marzio","https://upload.wikimedia.org/wikipedia/commons/3/3e/2014-03-29_Altare_della_Patria.jpg","https://media.gettyimages.com/photos/il-vittoriano-picture-id185287026?s=612x612","https://i.pinimg.com/originals/32/67/fd/3267fd297f2cf479d947b49382f23789.jpg","https://www.hotelnazionale.it/files/hotel/hotel-b/vittorio-emanuele-monument-298412_1280.jpg","https://images2-roma.corriereobjects.it/methode_image/2019/01/06/Roma/Foto%20Roma%20-%20Trattate/4340.0.1261220069-008-k0AF-U3090256033224WiH-593x443@Corriere-Web-Roma.jpg?v=20190107072741","Giuseppe Sacconi","81 m","star","41.900937","12.474271"
5,100,"XVI sec","Piazza Navona","Piazza Navona","https://staticfanpage.akamaized.net/wp-content/uploads/sites/10/2017/12/piazza-navona-w-rime-638x425.jpg","https://www.touringclub.it/sites/default/files/styles/gallery_full/public/immagini_georiferite/roma_piazza_navona_fontana_del_nettuno.jpg?itok=O-pmluLT","https://upload.wikimedia.org/wikipedia/commons/thumb/5/59/Roma_s_Agnese_in_Agone_2011-08-07.jpg/1200px-Roma_s_Agnese_in_Agone_2011-08-07.jpg","https://c8.alamy.com/compit/bm55r1/fontana-quattro-fiumi-in-piazza-navona-roma-italia-bernini-architetto-scultura-marmo-scolpito-bm55r1.jpg","https://staticfanpage.akamaized.net/wp-content/uploads/sites/10/2017/12/piazza-navona-roma-fc08.jpg","Bernini/Borromini","265 metri","star","41.898916","12.473119"
5,100,"IV sec/I sec a.C","Largo Argentina","Largo di Torre Argentina","https://cdn.civitatis.com/italia/roma/guia/area-sacra.jpg","https://www.turismoroma.it/sites/default/files/Area-Sacra-Largo-Argentina-Tempio-B-%282%29.jpg","https://encrypted-tbn0.gstatic.com/images?q=tbn%3AANd9GcQqbJWnwVICjmtDf2XmBbFHovEyVcZhThZ-Ja4HQIaT_bdvwvJN&usqp=CAU","https://civitavecchia.portmobility.it/sites/default/files/scavi_di_torre_argentina_2.jpg","https://upload.wikimedia.org/wikipedia/commons/thumb/2/2d/Pigna_-_area_sacra_di_largo_Argentina_1150016-7.JPG/1200px-Pigna_-_area_sacra_di_largo_Argentina_1150016-7.JPG","Romani","Non disponibile","star","41.896081","12.476803"
4,38,"2002","Auditorium Parco della Musica","Via Pietro de Coubertin, 30, 00196 Roma RM","https://www.turismoroma.it/sites/default/files/auditorium_0.jpg","https://zero-media.s3.amazonaws.com/uploads/2015/06/cavea-auditorium-2.jpg","https://www.teatro.it/images/teatri/2569/main-image/teatro.it-auditorium-parco-della-musica.jpg","https://www.agb.it/getattachment/968f7da8-8785-466c-a952-6b9d8098be00/attachment.aspx","https://upload.wikimedia.org/wikipedia/commons/thumb/e/e3/Orchestra_dell%27Accademia_Nazionale_di_Santa_Cecilia.JPG/1200px-Orchestra_dell%27Accademia_Nazionale_di_Santa_Cecilia.JPG","Renzo Piano","capienza di 2800 persone","architecture","41.9296419","12.4731465"
5,89,"1889-1911","Palazzo di Giustizia","Piazza Cavour-Piazza dei Tribunali","https://upload.wikimedia.org/wikipedia/commons/a/a0/Roma_2011_08_07_Palazzo_di_Giustizia.jpg","https://imageviaggiart.r.worldssl.net/resources/images/xl/list/image/26176-798e71ee116c563c8102576ff3363c3e-1502338320.jpg","https://3.bp.blogspot.com/--rccA4CunZA/VBMHdDwoiGI/AAAAAAAAD1A/v4PsaYrNb5A/s1600/DSC_0026.jpg","http://www.cortedicassazione.it/cassazione-resources/resources/cms/images/Interno1_d0.jpg","http://www.cortedicassazione.it/cassazione-resources/resources/cms/images/Cortile_1_d0.jpg","Guglielmo Calderini","metri 170 x 155","architecture","41.9033555","12.4710604"
4,57,"1957","Palazzetto dello Sport","Piazza Apollodoro","https://upload.wikimedia.org/wikipedia/it/thumb/0/0e/Palazzetto_dello_Sport_Roma.jpg/1920px-Palazzetto_dello_Sport_Roma.jpg","https://www.roma2pass.it/wp-content/uploads/2017/03/pa5-Palazzetto-dello-Sport-1959.jpg","https://upload.wikimedia.org/wikipedia/it/4/41/Palazzetto_dello_Sport_Roma_cropped.jpg","https://media-cdn.tripadvisor.com/media/photo-s/0d/aa/7b/c5/roma-palazzetto-dello.jpg","https://zero-media.s3.amazonaws.com/uploads/2016/09/009-pier-luigi-nervi-palazzetto-dello-sport-theredlist.png","Annibale Vitellozzi","4800 m","architecture","41.92952450442701","12.470720395265005"
4,90,"1953","Stadio Olimpico ","Viale dei Gladiatori","https://upload.wikimedia.org/wikipedia/commons/thumb/5/51/L%27Olimpico_-_panoramio.jpg/1920px-L%27Olimpico_-_panoramio.jpg","https://upload.wikimedia.org/wikipedia/it/thumb/6/6e/Stadio_Olimpico_di_Roma_-_Anni_1950.jpg/1920px-Stadio_Olimpico_di_Roma_-_Anni_1950.jpg","https://upload.wikimedia.org/wikipedia/commons/a/a8/Rome_Olympics_1960_-_Opening_Day.jpg","https://upload.wikimedia.org/wikipedia/it/d/dc/Stadio_Olimpico_-_Roma_-_1989.jpg","https://upload.wikimedia.org/wikipedia/commons/thumb/c/c6/Stadio_Olimpico_%28Rome%29_-_2014_-_AS_Roma_v_Juventus_FC.jpg/1920px-Stadio_Olimpico_%28Rome%29_-_2014_-_AS_Roma_v_Juventus_FC.jpg","Vitellozzi e E.  Del Debbio","33500 m","architecture","41.9339521","12.4547231"
5,172,"1818","Piazza del Popolo","Piazza del Popolo","https://www.romasegreta.it/images/piazza-del-popolo.jpg","https://www.10cose.it/wp-content/uploads/2016/05/chiese-gemelle-piazza-popolo-roma.jpg","https://www.fabriziomosconi.com/foto/foto/piazzadelpopolo/big/piazza_del_popolo03.jpg","https://encrypted-tbn0.gstatic.com/images?q=tbn%3AANd9GcTCV1vYiZ1j2LA2IEGVs0FuuGvVQucktWPjBfy2Wm0siSs8y73c&usqp=CAU","https://www.noidiroma.com/wp-content/uploads/2017/12/piazza-del-popolo-roma.jpg","Giuseppe Valdier","17.100 metri quadrati","star","41.910763","12.475908"
4,75,"1960","Palazzo dello Sport","Piazzale dello Sport","https://upload.wikimedia.org/wikipedia/it/thumb/b/bc/Roma_Palazzo_dello_Sport_da_Piazzale_dello_Sport.jpg/1920px-Roma_Palazzo_dello_Sport_da_Piazzale_dello_Sport.jpg","https://upload.wikimedia.org/wikipedia/it/thumb/e/e8/Roma_Cascate_Laghetto_EUR_Palazzo_dello_Sport.jpg/1920px-Roma_Cascate_Laghetto_EUR_Palazzo_dello_Sport.jpg","https://upload.wikimedia.org/wikipedia/it/thumb/7/7f/Roma_EUR_Palazzo_dello_Sport_da_viale_America.jpg/1920px-Roma_EUR_Palazzo_dello_Sport_da_viale_America.jpg","https://upload.wikimedia.org/wikipedia/commons/thumb/a/a7/PalaLottomatica.jpg/1920px-PalaLottomatica.jpg","https://upload.wikimedia.org/wikipedia/it/thumb/1/11/Roma_Palazzo_dello_Sport_da_Piazzale_Pakistan.jpg/1920px-Roma_Palazzo_dello_Sport_da_Piazzale_Pakistan.jpg","Piacentini e P. L. Nervi","7800 m","architecture","41.8244132","12.4662537"
5,97,"IV-XVIII secolo","Basilica di San Giovanni in Laterano","Piazza di S. Giovanni in Laterano","https://commons.cathopedia.org/w/images/commons/thumb/c/cc/Roma_Basilica_S_Giovanni.jpg/1600px-Roma_Basilica_S_Giovanni.jpg","https://civitavecchia.portmobility.it/sites/default/files/basilica_di_san_giovanni_e_palazzo.jpg","https://civitavecchia.portmobility.it/sites/default/files/san_giovanni_-_soffitto.jpg","https://upload.wikimedia.org/wikipedia/commons/thumb/3/3c/210SGiovanniLaterano.JPG/270px-210SGiovanniLaterano.JPG","https://civitavecchia.portmobility.it/sites/default/files/san_giovanni_in_laterano_-_chiostro.jpg","Francesco Borromini","oltre 5.097 m","architecture","41.8861067","12.50397"
4,84,"completata nel XVIII secolo","Basilica di Santa Maria Maggiore","Piazza di S. Maria Maggiore","https://commons.cathopedia.org/w/images/commons/0/03/Basilica_Santa_Maria_Maggiore.jpg","https://upload.wikimedia.org/wikipedia/commons/2/2d/Roma_-_2016-05-23_-_Basilica_di_Santa_Maria_Maggiore_-_2957.jpg","https://upload.wikimedia.org/wikipedia/commons/7/79/Roma_-_Santa_Maria_Maggiore_-_Abside.jpg","https://www.turismoroma.it/sites/default/files/santa-maria-maggiore.jpg","https://mywowo.net/media/images/cache/roma_chiesa_santa_maria_maggiore_01_storia_esterno_jpg_1200_630_cover_85.jpg","Ferdinando Fuga","2752m","architecture","41.8976268","12.49847"
4,62,"XX secolo","Basilica di San Paolo fuori le mura","Piazzale San Paolo","https://upload.wikimedia.org/wikipedia/commons/thumb/8/89/Roma_San_Paolo_fuori_le_mura_BW_1.JPG/1920px-Roma_San_Paolo_fuori_le_mura_BW_1.JPG","https://upload.wikimedia.org/wikipedia/commons/thumb/0/0d/Bazylika_%C5%9Bw._paw%C5%82a_za_murami.jpg/1920px-Bazylika_%C5%9Bw._paw%C5%82a_za_murami.jpg","https://upload.wikimedia.org/wikipedia/commons/a/a9/085SPaoloFuoriLeMura.JPG","https://upload.wikimedia.org/wikipedia/commons/thumb/5/57/Rom%2C_Sankt_Paul_vor_den_Mauern_%28San_Paolo_fuori_le_mura%29%2C_Innenansicht_1.jpg/1280px-Rom%2C_Sankt_Paul_vor_den_Mauern_%28San_Paolo_fuori_le_mura%29%2C_Innenansicht_1.jpg","https://upload.wikimedia.org/wikipedia/commons/a/a0/Lazio_Roma_SPaolo3_tango7174.jpg","Virginio Vespignani","8.515 m","architecture","41.85866","12.47704"
4,88,"1951-1959","Obelisco di Marconi","Piazza Guglielmo Marconi","https://upload.wikimedia.org/wikipedia/commons/thumb/2/21/EUR_Obelisco_Guglielmo_Marconi_2.jpg/1024px-EUR_Obelisco_Guglielmo_Marconi_2.jpg","https://www.romadailynews.it/photogallery_new/images/2019/11/obelisco-eur-362983.660x368.jpg","https://lh3.googleusercontent.com/proxy/hiy-vFERvH6TaQ24hxWu5xM8917BgEElD90ScRWrUe59a0Og2IbR2lz1HpLCoSY5jP2razHai9R_93kSngH95cEJF_war1hyYKOnSvGi65NVN7FAQ1L0ny-eg6XfYiVa_4HEjDAizba3vr6WCkMp","https://vod.rcsobjects.it/youreporter/photoyr/big/702873.jpg","https://s0.wklcdn.com/image_3/96488/1905750/741990Master.jpg","Arturo Dazzi","alto 4500 cm"," sculpture","41.8335959","12.4705265"
4,90,"2008-2016","Roma Convention Center ""La Nuvola""","Viale Asia","https://www.eurspa.it/sites/default/files/styles/medium/public/congressuale/pc-03-02032016-livello-n5.jpg?itok=s2BpABBd","https://www.eurspa.it/sites/default/files/styles/medium/public/congressuale/pc-07-02032016-passerella-ingresso-nuvola-da-n3.jpg?itok=7dMAa38D","https://www.eurspa.it/sites/default/files/styles/medium/public/congressuale/pc-10-02032016-scorcio-da-n4-dell-esterno-su-palazzo-scienze.jpg?itok=F2vIFWgx","https://www.turismoroma.it/sites/default/files/nuvola.jpg","https://encrypted-tbn0.gstatic.com/images?q=tbn%3AANd9GcQDovgeQ9iC8rjWY-OqiFuNtoowhIdiANnV9LKshO97XC2mdVF6&usqp=CAU","Massimiliano Fuksas","55 000 m","architecture","41.8309656","12.4718364"
4,146,"2008-2011","Ponte della Musica-Armando Trovajoli","Ponte della Musica Armando Trovajoli","https://upload.wikimedia.org/wikipedia/commons/thumb/7/7d/Ponte_Della_Musica_%5E2_-_panoramio.jpg/800px-Ponte_Della_Musica_%5E2_-_panoramio.jpg","https://upload.wikimedia.org/wikipedia/commons/thumb/8/85/Bridge_of_music.JPG/1920px-Bridge_of_music.JPG","https://upload.wikimedia.org/wikipedia/it/thumb/e/e8/2012-02-17_Ponte_della_Musica_lato_Della_Vittoria.jpg/1920px-2012-02-17_Ponte_della_Musica_lato_Della_Vittoria.jpg","https://upload.wikimedia.org/wikipedia/it/7/70/Ponte_della_Musica_a_Roma.jpg","https://upload.wikimedia.org/wikipedia/commons/thumb/e/ef/Bridge_of_the_Music_2.jpg/520px-Bridge_of_the_Music_2.jpg","B. Happold, K. Williams","190x22 m","architecture","41.926479","12.4595877"
4,47,"V secolo a.C.","Amazzone ferita","Musei Capitolini","https://www.n7antiquariato.it/public/allegati/4_20180725104421.JPG","https://live.staticflickr.com/3718/12119424135_96fde6baa2_b.jpg","https://www.arteopereartisti.it/wp-content/uploads/2018/06/af.jpg","https://www.analisidellopera.it/wp-content/uploads/2019/12/Policleto_Amazzone_ferita.jpg","https://upload.wikimedia.org/wikipedia/commons/thumb/c/c2/Musei_capitolini_%28Roma%29_-_Amazzone_1.jpg/332px-Musei_capitolini_%28Roma%29_-_Amazzone_1.jpg","Fidia","altezza di 190 cm","sculpture","41.8926668","12.4822048"
4,137,"1804-1808","Paolina Borghese","Galleria Borghese","https://upload.wikimedia.org/wikipedia/commons/thumb/1/16/Paolina_Borghese_%28Canova%29.jpg/600px-Paolina_Borghese_%28Canova%29.jpg","https://4.bp.blogspot.com/-UhLBHanPt4c/VPIiNklL0iI/AAAAAAAAAXE/mNLVgOR7Gsc/w1200-h630-p-k-no-nu/30.jpg","https://www.arte.it/foto/orig/62/100529-Antonio-Canova_Paolina-Borghese.jpg","https://encrypted-tbn0.gstatic.com/images?q=tbn%3AANd9GcSK4ZnPh0l2sXWjebR-pczicGGzMD7sKdwxqRP_IcgJ718rA5NH&usqp=CAU","https://encrypted-tbn0.gstatic.com/images?q=tbn%3AANd9GcSg_OD3FdCczWT0HIQjcqF9GctO0AlJ5loQdrChsVYhsKQMngKy&usqp=CAU","Antonio Canova","200 cm","sculpture","41.9141203","12.492061"
4,120,"455 a.C.","Discobolo","Museo nazionale romano di Palazzo Massimo","https://upload.wikimedia.org/wikipedia/commons/thumb/7/70/Discobolo_13.jpg/1200px-Discobolo_13.jpg","https://www.artesvelata.it/wp-content/uploads/2019/09/discoboli-1.jpg","https://upload.wikimedia.org/wikipedia/commons/d/dc/Discobolo13.JPG","https://i.pinimg.com/originals/d2/5c/83/d25c835731843f9de7ce7a8d4ec8da81.jpg","https://upload.wikimedia.org/wikipedia/commons/thumb/9/93/Discobolus_in_National_Roman_Museum_Palazzo_Massimo_alle_Terme.JPG/418px-Discobolus_in_National_Roman_Museum_Palazzo_Massimo_alle_Terme.JPG","Mirone","altezza 156 cm","sculpture","41.9011978","12.4728382"
4,109,"1804-1808","Ratto di Proserpina","Galleria Borghese","https://galleriaborghese.beniculturali.it/wp-content/uploads/ratto-di-Proserpina.jpg","https://upload.wikimedia.org/wikipedia/commons/thumb/e/ea/Rape_of_Prosepina_September_2015-2b.jpg/1920px-Rape_of_Prosepina_September_2015-2b.jpg","https://upload.wikimedia.org/wikipedia/commons/4/46/Rape_of_Proserpina_-_Gian_Lorenzo_Bernini.jpg","https://upload.wikimedia.org/wikipedia/commons/thumb/f/f4/Rape_of_Proserpina.jpg/1920px-Rape_of_Proserpina.jpg","https://upload.wikimedia.org/wikipedia/commons/thumb/c/c5/The_Rape_of_Proserpina_%28Rome%29.jpg/434px-The_Rape_of_Proserpina_%28Rome%29.jpg","Gian Lorenzo Bernini","altezza 255 cm","sculpture","41.9141203","12.492091"
4,110,"1797-1801","Perseo trionfante","Musei Vaticani, Vaticano","https://4.bp.blogspot.com/-FmdS2O6PNqc/V7gQBFrLJTI/AAAAAAAADpc/GiKJRkmhNFQgdykCsmoAt-jeKL4DTZqAQCEw/s1600/can002.jpg","https://www.acistampa.com/image/fig_1430730110.jpg?w=810","https://www.repstatic.it/content/localirep/img/rep-roma/2015/04/30/210455955-0be0acbe-efb6-445b-85df-49e4431fae5b.jpg","https://upload.wikimedia.org/wikipedia/commons/2/28/Persus-with-the-head-of-med.jpg","https://upload.wikimedia.org/wikipedia/commons/thumb/2/28/Persus-with-the-head-of-med.jpg/520px-Persus-with-the-head-of-med.jpg","Antonio Canova","altezza 	235 cm","sculpture","41.904961","12.4546617"
7,40,"1647-1652 d.C","Estasi di Santa Teresa D Avila","Chiesa di Santa Maria della Vittoria","https://www.finestresullarte.info/blog/immagini/2017/692/cappella-cornaro.jpg","https://www.finestresullarte.info/blog/immagini/2017/692/angelo-santa-teresa.jpg","https://4.bp.blogspot.com/-UZliG9rNRpg/W5mVxdkPNzI/AAAAAAAAQ-4/dJwFPtyubYsf6Pliy1Aa5lrm4si6QxvHACLcBGAs/s1600/DSplMh6W4AImdJ0.jpg","https://multimedia.coopculture.it/reteculture/opere/424/076.jpg","https://www.viaggiatricecuriosa.it/wp-content/uploads/2018/03/20180213_164422.jpg","Bernini","350cm","sculture","41.9047186","12.494189"
4,30,"XI secolo","Bocca della verita","Piazza della bocca della verita","https://encrypted-tbn0.gstatic.com/images?q=tbn%3AANd9GcQ86qHC7vbCriaETAQptQJdsUYiX8YTaAJohP-rBUlQJTY2Mix5&usqp=CAU","https://media-cdn.tripadvisor.com/media/photo-m/1280/1b/32/37/00/bocca-della-verita-rome.jpg","https://www.romasegreta.it/images/bocca-della-verita.jpg","https://img.ev.mu/images/attractions/7076/960x640/437574.jpg","https://i0.wp.com/uozzart.com/wp-content/uploads/2020/03/06_bocca-della-verita.jpg?fit=629%2C413&ssl=1&resize=1200%2C900","Antichi romani","175cm x 175cm x 19cm","sculture","41.8888212","12.4816302"
5,172,"360 a.C. circa","Afrodite cnidia","Musei Vaticani","https://upload.wikimedia.org/wikipedia/commons/thumb/6/6c/Cnidus_Aphrodite_Altemps_01.JPG/800px-Cnidus_Aphrodite_Altemps_01.JPG","https://upload.wikimedia.org/wikipedia/commons/thumb/f/fa/Aphrodite_of_Cnidus.Munich.jpg/1024px-Aphrodite_of_Cnidus.Munich.jpg","https://upload.wikimedia.org/wikipedia/commons/thumb/c/cb/Afrodita_sorprendida_desnuda.JPG/1024px-Afrodita_sorprendida_desnuda.JPG","https://upload.wikimedia.org/wikipedia/commons/thumb/9/97/Aphrodite_head_Ma_421_Louvre.jpg/1024px-Aphrodite_head_Ma_421_Louvre.jpg","https://upload.wikimedia.org/wikipedia/commons/thumb/9/98/Afrodite_cnidia.jpg/394px-Afrodite_cnidia.jpg","Prassitele","altezza 205 cm","sculpture","41.905","12.4546617"
3,93,"1542 circa","Rachele","Basilica di San Pietro in Vincoli","https://encrypted-tbn0.gstatic.com/images?q=tbn%3AANd9GcQMVr66r9aR7G9-AvNQ3-zCK2Tj_pMxIeFkwE6lUQIT418hvZrX&usqp=CAU","https://upload.wikimedia.org/wikipedia/commons/thumb/4/4a/San_pietro_in_vincoli%2C_monumento_a_giulio_II%2C_rachele_02.JPG/1200px-San_pietro_in_vincoli%2C_monumento_a_giulio_II%2C_rachele_02.JPG","https://upload.wikimedia.org/wikipedia/it/f/fd/Michelangelo%2C_rachele.jpg","https://lh3.googleusercontent.com/proxy/LX7fBqR0u4K_g2_KZRT5LaZ2CmXPORGwZlV5HYoV7Y6uQVaQjVlktUFAIBFC9nBy_Xikj2iETfb_iTd7chGiuxI8ItxGEOzWKfFf6r5XpSMf29UfG-Z-e1QsoGG-kQuSpBGcTjgyHgjyt_HoDhZKHuhwRz4Zob9McAX3jXJHwQGYnAL2OBBXDw","https://www.arteworld.it/wp-content/uploads/2016/06/Rachele-Michelangelo-Buonarroti-analisi.jpg","Michelangelo","altezza 280 cm","sculpture","41.893851","12.49316"
4,102,"1542 circa","Lia","Basilica di San Pietro in Vincoli","https://michelangelobuonarrotietornato.files.wordpress.com/2014/08/lia-vita-attiva.jpg","https://66.media.tumblr.com/3bd192f7ebf496ce033047dc764cb3e2/2141975edd5d427f-08/s640x960/d0ff502dab9c63218194c378bd8838fbb248dd5e.jpg","https://lh3.googleusercontent.com/proxy/Y0NLR_riL8Yz3_tWjmoHx3Jd2Pi1SO7__hIZm6KqRNwtU7kQrLPYPK5bIfV5IQ7L_UZB8zOIKBZuWzXuH_EPHenEjfKK6ax1_ECtRQIYv8VY9gFQnJQU3nXeOimKMhOxqx0TJiC9N90xPMo32-lYEQku2maRP0T8wdmxNK7tDdzDb88_j3VouL_VqPUm9_sgT1u7CzQWCHHT47syDhpD_O-276QVV2HRwdX28nKS","https://www.finestresullarte.info/blog/immagini/2020/1272/michelangelo-lia.jpg","https://upload.wikimedia.org/wikipedia/commons/thumb/3/3e/Michelangelo-Leah.jpg/1024px-Michelangelo-Leah.jpg","Michelangelo","altezza 197 cm","sculpture","41.893851","12.4931577"
NULL,NULL,NULL,"David",NULL,NULL,NULL,NULL,NULL,NULL,"Bernini",NULL,"sculpture",NULL,NULL
